Workbook

Sheet Landed_Cost
A1: Country | B1: Factory | C1: Packaging | D1: Freight | E1: Insurance % | F1: Pre-Tariff | G1: Tariff % | H1: Landed Cost
A2: India | B2: =[1]Assumptions!B2 -> 220 | C2: =[1]Assumptions!B3 -> 10 | D2: =[1]Assumptions!B4 -> 35 | E2: =[1]Assumptions!B5 -> 0.02 | F2: =B2+C2+D2+(E2*(B2+C2)) -> 269.6 | G2: =[1]Assumptions!B6 -> 0.15 | H2: =F2+(F2*G2) -> 310.04
A3: Vietnam | B3: =[1]Assumptions!C2 -> 210 | C3: =[1]Assumptions!C3 -> 10 | D3: =[1]Assumptions!C4 -> 40 | E3: =[1]Assumptions!C5 -> 0.02 | F3: =B3+C3+D3+(E3*(B3+C3)) -> 264.4 | G3: =[1]Assumptions!C6 -> 0.1 | H3: =F3+(F3*G3) -> 290.84
A4: Mexico | B4: =[1]Assumptions!D2 -> 260 | C4: =[1]Assumptions!D3 -> 12 | D4: =[1]Assumptions!D4 -> 25 | E4: =[1]Assumptions!D5 -> 0.02 | F4: =B4+C4+D4+(E4*(B4+C4)) -> 302.44 | G4: =[1]Assumptions!D6 -> 0.05 | H4: =F4+(F4*G4) -> 317.562

Sheet Price_Waterfall
A1: Component | B1: India - Amazon | C1: India - Retail | D1: India - D2C | E1: Vietnam - Amazon | F1: Vietnam - Retail | G1: Vietnam - D2C | H1: Mexico - Amazon | I1: Mexico - Retail | J1: Mexico - D2C
A2: Landed Cost | B2: =Landed_Cost!H2 -> 310.04 | C2: =Landed_Cost!H2 -> 310.04 | D2: =Landed_Cost!H2 -> 310.04 | E2: =Landed_Cost!H3 -> 290.84 | F2: =Landed_Cost!H3 -> 290.84 | G2: =Landed_Cost!H3 -> 290.84 | H2: =Landed_Cost!H4 -> 317.562 | I2: =Landed_Cost!H4 -> 317.562 | J2: =Landed_Cost!H4 -> 317.562
A3: Platform Fee (%) | B3: 0.15 | C3: 0 | D3: 0 | E3: 0.15 | F3: 0 | G3: 0 | H3: 0.15 | I3: 0 | J3: 0
A4: Marketing Cost | B4: 30 | C4: 10 | D4: 50 | E4: 30 | F4: 10 | G4: 50 | H4: 30 | I4: 10 | J4: 50
A5: Subtotal Cost | B5: =ROUND(B2+(B2*B3)+B4,2) -> 386.55 | C5: =ROUND(C2+(C2*C3)+C4,2) -> 320.04 | D5: =ROUND(D2+(D2*D3)+D4,2) -> 360.04 | E5: =ROUND(E2+(E2*E3)+E4,2) -> 364.47 | F5: =ROUND(F2+(F2*F3)+F4,2) -> 300.84 | G5: =ROUND(G2+(G2*G3)+G4,2) -> 340.84 | H5: =ROUND(H2+(H2*H3)+H4,2) -> 395.2 | I5: =ROUND(I2+(I2*I3)+I4,2) -> 327.56 | J5: =ROUND(J2+(J2*J3)+J4,2) -> 367.56
A6: Target Margin (%) | B6: 0.2 | C6: 0.25 | D6: 0.3 | E6: 0.2 | F6: 0.25 | G6: 0.3 | H6: 0.2 | I6: 0.25 | J6: 0.3
A7: Final Price | B7: =ROUND(B5/(1-B6),2) -> 483.19 | C7: =ROUND(C5/(1-C6),2) -> 426.72 | D7: =ROUND(D5/(1-D6),2) -> 514.34 | E7: =ROUND(E5/(1-E6),2) -> 455.59 | F7: =ROUND(F5/(1-F6),2) -> 401.12 | G7: =ROUND(G5/(1-G6),2) -> 486.91 | H7: =ROUND(H5/(1-H6),2) -> 494 | I7: =ROUND(I5/(1-I6),2) -> 436.75 | J7: =ROUND(J5/(1-J6),2) -> 525.09
